[{"model": "admin.logentry", "pk": 1, "fields": {"action_time": "2025-03-17T15:15:17.298Z", "user": 1, "content_type": 7, "object_id": "6", "object_repr": "Jawad Hussain", "action_flag": 3, "change_message": ""}}, {"model": "admin.logentry", "pk": 2, "fields": {"action_time": "2025-03-17T15:15:17.298Z", "user": 1, "content_type": 7, "object_id": "5", "object_repr": "Jawad Hussain", "action_flag": 3, "change_message": ""}}, {"model": "admin.logentry", "pk": 3, "fields": {"action_time": "2025-03-17T15:15:17.298Z", "user": 1, "content_type": 7, "object_id": "4", "object_repr": "Jawad Hussain", "action_flag": 3, "change_message": ""}}, {"model": "admin.logentry", "pk": 4, "fields": {"action_time": "2025-03-17T15:15:17.298Z", "user": 1, "content_type": 7, "object_id": "3", "object_repr": "Jawad Hussain", "action_flag": 3, "change_message": ""}}, {"model": "admin.logentry", "pk": 5, "fields": {"action_time": "2025-03-17T15:15:17.298Z", "user": 1, "content_type": 7, "object_id": "2", "object_repr": "Jawad Hussain", "action_flag": 3, "change_message": ""}}, {"model": "admin.logentry", "pk": 6, "fields": {"action_time": "2025-03-17T15:15:17.298Z", "user": 1, "content_type": 7, "object_id": "1", "object_repr": "Jawad Hussain", "action_flag": 3, "change_message": ""}}, {"model": "admin.logentry", "pk": 7, "fields": {"action_time": "2025-03-17T17:10:47.824Z", "user": 1, "content_type": 7, "object_id": "7", "object_repr": "golf", "action_flag": 3, "change_message": ""}}, {"model": "admin.logentry", "pk": 8, "fields": {"action_time": "2025-03-17T17:17:43.297Z", "user": 1, "content_type": 7, "object_id": "8", "object_repr": "golf", "action_flag": 3, "change_message": ""}}, {"model": "admin.logentry", "pk": 9, "fields": {"action_time": "2025-03-17T17:23:18.965Z", "user": 1, "content_type": 7, "object_id": "12", "object_repr": "kart", "action_flag": 3, "change_message": ""}}, {"model": "admin.logentry", "pk": 10, "fields": {"action_time": "2025-03-17T17:23:18.965Z", "user": 1, "content_type": 7, "object_id": "11", "object_repr": "kart", "action_flag": 3, "change_message": ""}}, {"model": "admin.logentry", "pk": 11, "fields": {"action_time": "2025-03-17T17:23:18.965Z", "user": 1, "content_type": 7, "object_id": "10", "object_repr": "kart", "action_flag": 3, "change_message": ""}}, {"model": "admin.logentry", "pk": 12, "fields": {"action_time": "2025-03-17T17:23:18.965Z", "user": 1, "content_type": 7, "object_id": "9", "object_repr": "golf", "action_flag": 3, "change_message": ""}}, {"model": "admin.logentry", "pk": 13, "fields": {"action_time": "2025-03-17T18:00:44.889Z", "user": 1, "content_type": 7, "object_id": "14", "object_repr": "kart", "action_flag": 3, "change_message": ""}}, {"model": "admin.logentry", "pk": 14, "fields": {"action_time": "2025-03-17T18:00:44.889Z", "user": 1, "content_type": 7, "object_id": "13", "object_repr": "golf", "action_flag": 3, "change_message": ""}}, {"model": "admin.logentry", "pk": 15, "fields": {"action_time": "2025-03-18T10:10:31.745Z", "user": 1, "content_type": 7, "object_id": "16", "object_repr": "Golf", "action_flag": 3, "change_message": ""}}, {"model": "admin.logentry", "pk": 16, "fields": {"action_time": "2025-03-18T10:10:31.745Z", "user": 1, "content_type": 7, "object_id": "15", "object_repr": "kart", "action_flag": 3, "change_message": ""}}, {"model": "admin.logentry", "pk": 17, "fields": {"action_time": "2025-03-23T10:28:10.408Z", "user": 1, "content_type": 4, "object_id": "4", "object_repr": "adil", "action_flag": 3, "change_message": ""}}, {"model": "admin.logentry", "pk": 18, "fields": {"action_time": "2025-03-23T10:28:10.409Z", "user": 1, "content_type": 4, "object_id": "2", "object_repr": "anzar", "action_flag": 3, "change_message": ""}}, {"model": "admin.logentry", "pk": 19, "fields": {"action_time": "2025-03-23T10:28:10.409Z", "user": 1, "content_type": 4, "object_id": "3", "object_repr": "jawad", "action_flag": 3, "change_message": ""}}, {"model": "admin.logentry", "pk": 20, "fields": {"action_time": "2025-03-23T10:28:32.823Z", "user": 1, "content_type": 7, "object_id": "21", "object_repr": "pizza", "action_flag": 3, "change_message": ""}}, {"model": "admin.logentry", "pk": 21, "fields": {"action_time": "2025-03-23T10:28:32.823Z", "user": 1, "content_type": 7, "object_id": "20", "object_repr": "8 ball", "action_flag": 3, "change_message": ""}}, {"model": "admin.logentry", "pk": 22, "fields": {"action_time": "2025-03-23T10:28:32.823Z", "user": 1, "content_type": 7, "object_id": "19", "object_repr": "dosa", "action_flag": 3, "change_message": ""}}, {"model": "admin.logentry", "pk": 23, "fields": {"action_time": "2025-03-23T10:28:32.823Z", "user": 1, "content_type": 7, "object_id": "18", "object_repr": "go kart", "action_flag": 3, "change_message": ""}}, {"model": "admin.logentry", "pk": 24, "fields": {"action_time": "2025-03-23T10:28:32.823Z", "user": 1, "content_type": 7, "object_id": "17", "object_repr": "Golf", "action_flag": 3, "change_message": ""}}, {"model": "admin.logentry", "pk": 25, "fields": {"action_time": "2025-03-26T17:26:32.943Z", "user": 1, "content_type": 11, "object_id": "1", "object_repr": "AvailableDate object (1)", "action_flag": 1, "change_message": "[{\"added\": {}}]"}}, {"model": "admin.logentry", "pk": 26, "fields": {"action_time": "2025-03-26T17:26:44.174Z", "user": 1, "content_type": 11, "object_id": "2", "object_repr": "AvailableDate object (2)", "action_flag": 1, "change_message": "[{\"added\": {}}]"}}, {"model": "admin.logentry", "pk": 27, "fields": {"action_time": "2025-03-29T19:26:23.525Z", "user": 1, "content_type": 7, "object_id": "2", "object_repr": "golf", "action_flag": 3, "change_message": ""}}, {"model": "admin.logentry", "pk": 28, "fields": {"action_time": "2025-03-29T19:27:10.191Z", "user": 1, "content_type": 11, "object_id": "3", "object_repr": "November 22, 2024", "action_flag": 1, "change_message": "[{\"added\": {}}]"}}, {"model": "admin.logentry", "pk": 29, "fields": {"action_time": "2025-03-30T10:08:13.431Z", "user": 1, "content_type": 11, "object_id": "4", "object_repr": "March 31, 2025", "action_flag": 1, "change_message": "[{\"added\": {}}]"}}, {"model": "admin.logentry", "pk": 30, "fields": {"action_time": "2025-04-08T18:59:54.599Z", "user": 1, "content_type": 4, "object_id": "5", "object_repr": "amaar", "action_flag": 3, "change_message": ""}}, {"model": "admin.logentry", "pk": 31, "fields": {"action_time": "2025-04-08T19:18:46.496Z", "user": 1, "content_type": 4, "object_id": "6", "object_repr": "amaar", "action_flag": 3, "change_message": ""}}, {"model": "admin.logentry", "pk": 32, "fields": {"action_time": "2025-04-08T19:18:46.496Z", "user": 1, "content_type": 4, "object_id": "7", "object_repr": "anzar", "action_flag": 3, "change_message": ""}}, {"model": "admin.logentry", "pk": 33, "fields": {"action_time": "2025-04-08T19:18:46.496Z", "user": 1, "content_type": 4, "object_id": "8", "object_repr": "jawad", "action_flag": 3, "change_message": ""}}, {"model": "admin.logentry", "pk": 34, "fields": {"action_time": "2025-04-08T19:22:54.026Z", "user": 1, "content_type": 4, "object_id": "9", "object_repr": "jawad", "action_flag": 3, "change_message": ""}}, {"model": "admin.logentry", "pk": 35, "fields": {"action_time": "2025-04-08T19:24:51.649Z", "user": 1, "content_type": 4, "object_id": "10", "object_repr": "jawad", "action_flag": 3, "change_message": ""}}, {"model": "admin.logentry", "pk": 36, "fields": {"action_time": "2025-04-08T19:25:14.909Z", "user": 1, "content_type": 4, "object_id": "11", "object_repr": "jawad", "action_flag": 3, "change_message": ""}}, {"model": "admin.logentry", "pk": 37, "fields": {"action_time": "2025-04-14T05:29:21.257Z", "user": 1, "content_type": 11, "object_id": "4", "object_repr": "March 31, 2025", "action_flag": 3, "change_message": ""}}, {"model": "admin.logentry", "pk": 38, "fields": {"action_time": "2025-04-14T05:29:21.257Z", "user": 1, "content_type": 11, "object_id": "3", "object_repr": "November 22, 2024", "action_flag": 3, "change_message": ""}}, {"model": "admin.logentry", "pk": 39, "fields": {"action_time": "2025-04-14T05:29:21.257Z", "user": 1, "content_type": 11, "object_id": "2", "object_repr": "March 31, 2025", "action_flag": 3, "change_message": ""}}, {"model": "admin.logentry", "pk": 40, "fields": {"action_time": "2025-04-14T05:29:21.257Z", "user": 1, "content_type": 11, "object_id": "1", "object_repr": "March 28, 2025", "action_flag": 3, "change_message": ""}}, {"model": "admin.logentry", "pk": 41, "fields": {"action_time": "2025-04-14T05:29:35.622Z", "user": 1, "content_type": 11, "object_id": "5", "object_repr": "April 28, 2025", "action_flag": 1, "change_message": "[{\"added\": {}}]"}}, {"model": "admin.logentry", "pk": 42, "fields": {"action_time": "2025-04-20T06:48:42.083Z", "user": 1, "content_type": 15, "object_id": "1", "object_repr": "abdullah's Payout Details", "action_flag": 1, "change_message": "[{\"added\": {}}]"}}, {"model": "admin.logentry", "pk": 43, "fields": {"action_time": "2025-04-21T09:13:52.320Z", "user": 1, "content_type": 11, "object_id": "6", "object_repr": "May 28, 2025", "action_flag": 1, "change_message": "[{\"added\": {}}]"}}, {"model": "admin.logentry", "pk": 44, "fields": {"action_time": "2025-04-21T09:16:28.361Z", "user": 1, "content_type": 4, "object_id": "13", "object_repr": "adnan", "action_flag": 3, "change_message": ""}}, {"model": "admin.logentry", "pk": 45, "fields": {"action_time": "2025-04-21T09:16:28.361Z", "user": 1, "content_type": 4, "object_id": "14", "object_repr": "anzar", "action_flag": 3, "change_message": ""}}, {"model": "admin.logentry", "pk": 46, "fields": {"action_time": "2025-04-21T09:16:28.361Z", "user": 1, "content_type": 4, "object_id": "12", "object_repr": "jawad", "action_flag": 3, "change_message": ""}}, {"model": "admin.logentry", "pk": 47, "fields": {"action_time": "2025-04-21T09:23:05.941Z", "user": 1, "content_type": 4, "object_id": "15", "object_repr": "jawad", "action_flag": 3, "change_message": ""}}, {"model": "admin.logentry", "pk": 48, "fields": {"action_time": "2025-04-21T09:26:25.660Z", "user": 1, "content_type": 4, "object_id": "16", "object_repr": "jawad", "action_flag": 3, "change_message": ""}}, {"model": "admin.logentry", "pk": 49, "fields": {"action_time": "2025-04-24T17:51:07.520Z", "user": 1, "content_type": 7, "object_id": "5", "object_repr": "Diner", "action_flag": 1, "change_message": "[{\"added\": {}}]"}}, {"model": "admin.logentry", "pk": 50, "fields": {"action_time": "2025-05-03T13:34:20.967Z", "user": 1, "content_type": 4, "object_id": "1", "object_repr": "abdullah", "action_flag": 2, "change_message": "[{\"changed\": {\"fields\": [\"password\"]}}]"}}, {"model": "admin.logentry", "pk": 51, "fields": {"action_time": "2025-05-03T21:15:45.613Z", "user": 1, "content_type": 7, "object_id": "26", "object_repr": "Realigned mission-critical emulation", "action_flag": 3, "change_message": ""}}, {"model": "admin.logentry", "pk": 52, "fields": {"action_time": "2025-05-03T21:15:45.613Z", "user": 1, "content_type": 7, "object_id": "25", "object_repr": "Expanded full-range instruction set", "action_flag": 3, "change_message": ""}}, {"model": "admin.logentry", "pk": 53, "fields": {"action_time": "2025-05-03T21:15:45.613Z", "user": 1, "content_type": 7, "object_id": "24", "object_repr": "Extended client-server project", "action_flag": 3, "change_message": ""}}, {"model": "admin.logentry", "pk": 54, "fields": {"action_time": "2025-05-03T21:15:45.613Z", "user": 1, "content_type": 7, "object_id": "23", "object_repr": "Universal responsive ability", "action_flag": 3, "change_message": ""}}, {"model": "admin.logentry", "pk": 55, "fields": {"action_time": "2025-05-03T21:15:45.613Z", "user": 1, "content_type": 7, "object_id": "22", "object_repr": "Automated incremental monitoring", "action_flag": 3, "change_message": ""}}, {"model": "admin.logentry", "pk": 56, "fields": {"action_time": "2025-05-03T21:15:45.613Z", "user": 1, "content_type": 7, "object_id": "21", "object_repr": "Compatible hybrid knowledge user", "action_flag": 3, "change_message": ""}}, {"model": "admin.logentry", "pk": 57, "fields": {"action_time": "2025-05-03T21:15:45.613Z", "user": 1, "content_type": 7, "object_id": "20", "object_repr": "Seamless hybrid forecast", "action_flag": 3, "change_message": ""}}, {"model": "admin.logentry", "pk": 58, "fields": {"action_time": "2025-05-03T21:15:45.613Z", "user": 1, "content_type": 7, "object_id": "19", "object_repr": "Quality-focused modular alliance", "action_flag": 3, "change_message": ""}}, {"model": "admin.logentry", "pk": 59, "fields": {"action_time": "2025-05-03T21:15:45.613Z", "user": 1, "content_type": 7, "object_id": "18", "object_repr": "Cross-platform contextually-based encryption", "action_flag": 3, "change_message": ""}}, {"model": "admin.logentry", "pk": 60, "fields": {"action_time": "2025-05-03T21:15:45.613Z", "user": 1, "content_type": 7, "object_id": "17", "object_repr": "Up-sized content-based artificial intelligence", "action_flag": 3, "change_message": ""}}, {"model": "admin.logentry", "pk": 61, "fields": {"action_time": "2025-05-03T21:15:45.613Z", "user": 1, "content_type": 7, "object_id": "16", "object_repr": "Universal coherent open architecture", "action_flag": 3, "change_message": ""}}, {"model": "admin.logentry", "pk": 62, "fields": {"action_time": "2025-05-03T21:15:45.613Z", "user": 1, "content_type": 7, "object_id": "15", "object_repr": "Self-enabling empowering adapter", "action_flag": 3, "change_message": ""}}, {"model": "admin.logentry", "pk": 63, "fields": {"action_time": "2025-05-03T21:15:45.613Z", "user": 1, "content_type": 7, "object_id": "14", "object_repr": "Re-engineered local info-mediaries", "action_flag": 3, "change_message": ""}}, {"model": "admin.logentry", "pk": 64, "fields": {"action_time": "2025-05-03T21:15:45.613Z", "user": 1, "content_type": 7, "object_id": "13", "object_repr": "Cross-platform clear-thinking approach", "action_flag": 3, "change_message": ""}}, {"model": "admin.logentry", "pk": 65, "fields": {"action_time": "2025-05-03T21:15:45.613Z", "user": 1, "content_type": 7, "object_id": "12", "object_repr": "Reverse-engineered attitude-oriented encoding", "action_flag": 3, "change_message": ""}}, {"model": "admin.logentry", "pk": 66, "fields": {"action_time": "2025-05-03T21:15:45.613Z", "user": 1, "content_type": 7, "object_id": "11", "object_repr": "Quality-focused multimedia superstructure", "action_flag": 3, "change_message": ""}}, {"model": "admin.logentry", "pk": 67, "fields": {"action_time": "2025-05-03T21:15:45.613Z", "user": 1, "content_type": 7, "object_id": "10", "object_repr": "Right-sized contextually-based orchestration", "action_flag": 3, "change_message": ""}}, {"model": "admin.logentry", "pk": 68, "fields": {"action_time": "2025-05-03T21:15:45.613Z", "user": 1, "content_type": 7, "object_id": "9", "object_repr": "Automated directional solution", "action_flag": 3, "change_message": ""}}, {"model": "admin.logentry", "pk": 69, "fields": {"action_time": "2025-05-03T21:15:45.613Z", "user": 1, "content_type": 7, "object_id": "8", "object_repr": "Intuitive multi-tasking throughput", "action_flag": 3, "change_message": ""}}, {"model": "admin.logentry", "pk": 70, "fields": {"action_time": "2025-05-03T21:15:45.613Z", "user": 1, "content_type": 7, "object_id": "7", "object_repr": "Grass-roots client-server complexity", "action_flag": 3, "change_message": ""}}, {"model": "admin.logentry", "pk": 71, "fields": {"action_time": "2025-05-03T21:15:45.613Z", "user": 1, "content_type": 7, "object_id": "6", "object_repr": "Focused optimizing access", "action_flag": 3, "change_message": ""}}, {"model": "admin.logentry", "pk": 72, "fields": {"action_time": "2025-05-03T21:15:45.613Z", "user": 1, "content_type": 7, "object_id": "5", "object_repr": "Diner", "action_flag": 3, "change_message": ""}}, {"model": "admin.logentry", "pk": 73, "fields": {"action_time": "2025-05-03T21:15:45.613Z", "user": 1, "content_type": 7, "object_id": "4", "object_repr": "gokart", "action_flag": 3, "change_message": ""}}, {"model": "admin.logentry", "pk": 74, "fields": {"action_time": "2025-05-03T21:15:45.613Z", "user": 1, "content_type": 7, "object_id": "3", "object_repr": "8 ball", "action_flag": 3, "change_message": ""}}, {"model": "admin.logentry", "pk": 75, "fields": {"action_time": "2025-05-03T21:15:45.613Z", "user": 1, "content_type": 7, "object_id": "1", "object_repr": "golf", "action_flag": 3, "change_message": ""}}, {"model": "admin.logentry", "pk": 76, "fields": {"action_time": "2025-05-04T10:52:03.861Z", "user": 1, "content_type": 7, "object_id": "72", "object_repr": "Proactive solution-oriented system engine", "action_flag": 3, "change_message": ""}}, {"model": "admin.logentry", "pk": 77, "fields": {"action_time": "2025-05-04T10:52:03.861Z", "user": 1, "content_type": 7, "object_id": "71", "object_repr": "Balanced encompassing implementation", "action_flag": 3, "change_message": ""}}, {"model": "admin.logentry", "pk": 78, "fields": {"action_time": "2025-05-04T10:52:03.861Z", "user": 1, "content_type": 7, "object_id": "70", "object_repr": "Triple-buffered system-worthy help-desk", "action_flag": 3, "change_message": ""}}, {"model": "admin.logentry", "pk": 79, "fields": {"action_time": "2025-05-04T10:52:03.861Z", "user": 1, "content_type": 7, "object_id": "69", "object_repr": "Managed grid-enabled attitude", "action_flag": 3, "change_message": ""}}, {"model": "admin.logentry", "pk": 80, "fields": {"action_time": "2025-05-04T10:52:03.861Z", "user": 1, "content_type": 7, "object_id": "68", "object_repr": "Intuitive regional pricing structure", "action_flag": 3, "change_message": ""}}, {"model": "admin.logentry", "pk": 81, "fields": {"action_time": "2025-05-04T10:52:03.861Z", "user": 1, "content_type": 7, "object_id": "67", "object_repr": "Optional motivating success", "action_flag": 3, "change_message": ""}}, {"model": "admin.logentry", "pk": 82, "fields": {"action_time": "2025-05-04T10:52:03.861Z", "user": 1, "content_type": 7, "object_id": "66", "object_repr": "Switchable heuristic methodology", "action_flag": 3, "change_message": ""}}, {"model": "admin.logentry", "pk": 83, "fields": {"action_time": "2025-05-04T10:52:03.861Z", "user": 1, "content_type": 7, "object_id": "65", "object_repr": "Re-contextualized intermediate paradigm", "action_flag": 3, "change_message": ""}}, {"model": "admin.logentry", "pk": 84, "fields": {"action_time": "2025-05-04T10:52:03.861Z", "user": 1, "content_type": 7, "object_id": "64", "object_repr": "Triple-buffered intermediate function", "action_flag": 3, "change_message": ""}}, {"model": "admin.logentry", "pk": 85, "fields": {"action_time": "2025-05-04T10:52:03.861Z", "user": 1, "content_type": 7, "object_id": "63", "object_repr": "Reactive dynamic archive", "action_flag": 3, "change_message": ""}}, {"model": "admin.logentry", "pk": 86, "fields": {"action_time": "2025-05-04T10:52:03.861Z", "user": 1, "content_type": 7, "object_id": "62", "object_repr": "Digitized global attitude", "action_flag": 3, "change_message": ""}}, {"model": "admin.logentry", "pk": 87, "fields": {"action_time": "2025-05-04T10:52:03.861Z", "user": 1, "content_type": 7, "object_id": "61", "object_repr": "Universal real-time methodology", "action_flag": 3, "change_message": ""}}, {"model": "admin.logentry", "pk": 88, "fields": {"action_time": "2025-05-04T10:52:03.861Z", "user": 1, "content_type": 7, "object_id": "60", "object_repr": "Sharable clear-thinking circuit", "action_flag": 3, "change_message": ""}}, {"model": "admin.logentry", "pk": 89, "fields": {"action_time": "2025-05-04T10:52:03.861Z", "user": 1, "content_type": 7, "object_id": "59", "object_repr": "Open-architected foreground paradigm", "action_flag": 3, "change_message": ""}}, {"model": "admin.logentry", "pk": 90, "fields": {"action_time": "2025-05-04T10:52:03.861Z", "user": 1, "content_type": 7, "object_id": "58", "object_repr": "Networked heuristic protocol", "action_flag": 3, "change_message": ""}}, {"model": "admin.logentry", "pk": 91, "fields": {"action_time": "2025-05-04T10:52:03.861Z", "user": 1, "content_type": 7, "object_id": "57", "object_repr": "Centralized national throughput", "action_flag": 3, "change_message": ""}}, {"model": "admin.logentry", "pk": 92, "fields": {"action_time": "2025-05-04T10:52:03.861Z", "user": 1, "content_type": 7, "object_id": "56", "object_repr": "Centralized client-driven neural-net", "action_flag": 3, "change_message": ""}}, {"model": "admin.logentry", "pk": 93, "fields": {"action_time": "2025-05-04T10:52:03.861Z", "user": 1, "content_type": 7, "object_id": "55", "object_repr": "Synchronized even-keeled application", "action_flag": 3, "change_message": ""}}, {"model": "admin.logentry", "pk": 94, "fields": {"action_time": "2025-05-04T10:52:03.861Z", "user": 1, "content_type": 7, "object_id": "54", "object_repr": "Customizable dynamic orchestration", "action_flag": 3, "change_message": ""}}, {"model": "admin.logentry", "pk": 95, "fields": {"action_time": "2025-05-04T10:52:03.861Z", "user": 1, "content_type": 7, "object_id": "53", "object_repr": "Realigned global service-desk", "action_flag": 3, "change_message": ""}}, {"model": "admin.logentry", "pk": 96, "fields": {"action_time": "2025-05-04T10:52:03.861Z", "user": 1, "content_type": 7, "object_id": "52", "object_repr": "Business-focused 24hour open system", "action_flag": 3, "change_message": ""}}, {"model": "admin.logentry", "pk": 97, "fields": {"action_time": "2025-05-04T10:52:03.861Z", "user": 1, "content_type": 7, "object_id": "51", "object_repr": "Intuitive attitude-oriented forecast", "action_flag": 3, "change_message": ""}}, {"model": "admin.logentry", "pk": 98, "fields": {"action_time": "2025-05-04T10:52:03.861Z", "user": 1, "content_type": 7, "object_id": "50", "object_repr": "Enhanced bottom-line ability", "action_flag": 3, "change_message": ""}}, {"model": "admin.logentry", "pk": 99, "fields": {"action_time": "2025-05-04T10:52:03.861Z", "user": 1, "content_type": 7, "object_id": "49", "object_repr": "Reverse-engineered incremental secured line", "action_flag": 3, "change_message": ""}}, {"model": "admin.logentry", "pk": 100, "fields": {"action_time": "2025-05-04T10:52:03.861Z", "user": 1, "content_type": 7, "object_id": "48", "object_repr": "Front-line methodical utilization", "action_flag": 3, "change_message": ""}}, {"model": "admin.logentry", "pk": 101, "fields": {"action_time": "2025-05-04T10:52:03.861Z", "user": 1, "content_type": 7, "object_id": "47", "object_repr": "Configurable high-level synergy", "action_flag": 3, "change_message": ""}}, {"model": "admin.logentry", "pk": 102, "fields": {"action_time": "2025-05-04T10:52:03.861Z", "user": 1, "content_type": 7, "object_id": "46", "object_repr": "Fundamental 24hour open system", "action_flag": 3, "change_message": ""}}, {"model": "admin.logentry", "pk": 103, "fields": {"action_time": "2025-05-04T10:52:03.861Z", "user": 1, "content_type": 7, "object_id": "45", "object_repr": "Devolved stable definition", "action_flag": 3, "change_message": ""}}, {"model": "admin.logentry", "pk": 104, "fields": {"action_time": "2025-05-04T10:52:03.861Z", "user": 1, "content_type": 7, "object_id": "44", "object_repr": "Realigned eco-centric leverage", "action_flag": 3, "change_message": ""}}, {"model": "admin.logentry", "pk": 105, "fields": {"action_time": "2025-05-04T10:52:03.861Z", "user": 1, "content_type": 7, "object_id": "43", "object_repr": "Future-proofed multi-state focus group", "action_flag": 3, "change_message": ""}}, {"model": "admin.logentry", "pk": 106, "fields": {"action_time": "2025-05-04T10:52:03.861Z", "user": 1, "content_type": 7, "object_id": "42", "object_repr": "Digitized reciprocal frame", "action_flag": 3, "change_message": ""}}, {"model": "admin.logentry", "pk": 107, "fields": {"action_time": "2025-05-04T10:52:03.861Z", "user": 1, "content_type": 7, "object_id": "41", "object_repr": "Programmable hybrid hardware", "action_flag": 3, "change_message": ""}}, {"model": "admin.logentry", "pk": 108, "fields": {"action_time": "2025-05-04T10:52:03.861Z", "user": 1, "content_type": 7, "object_id": "40", "object_repr": "Down-sized systemic middleware", "action_flag": 3, "change_message": ""}}, {"model": "admin.logentry", "pk": 109, "fields": {"action_time": "2025-05-04T10:52:03.861Z", "user": 1, "content_type": 7, "object_id": "39", "object_repr": "Cloned empowering framework", "action_flag": 3, "change_message": ""}}, {"model": "admin.logentry", "pk": 110, "fields": {"action_time": "2025-05-04T10:52:03.861Z", "user": 1, "content_type": 7, "object_id": "38", "object_repr": "Up-sized attitude-oriented time-frame", "action_flag": 3, "change_message": ""}}, {"model": "admin.logentry", "pk": 111, "fields": {"action_time": "2025-05-04T10:52:03.861Z", "user": 1, "content_type": 7, "object_id": "37", "object_repr": "Devolved executive moratorium", "action_flag": 3, "change_message": ""}}, {"model": "admin.logentry", "pk": 112, "fields": {"action_time": "2025-05-04T10:52:03.861Z", "user": 1, "content_type": 7, "object_id": "36", "object_repr": "Distributed stable standardization", "action_flag": 3, "change_message": ""}}, {"model": "admin.logentry", "pk": 113, "fields": {"action_time": "2025-05-04T10:52:03.861Z", "user": 1, "content_type": 7, "object_id": "35", "object_repr": "Multi-channeled heuristic orchestration", "action_flag": 3, "change_message": ""}}, {"model": "admin.logentry", "pk": 114, "fields": {"action_time": "2025-05-04T10:52:03.861Z", "user": 1, "content_type": 7, "object_id": "34", "object_repr": "Secured 6thgeneration hardware", "action_flag": 3, "change_message": ""}}, {"model": "admin.logentry", "pk": 115, "fields": {"action_time": "2025-05-04T10:52:03.861Z", "user": 1, "content_type": 7, "object_id": "33", "object_repr": "Multi-layered disintermediate installation", "action_flag": 3, "change_message": ""}}, {"model": "admin.logentry", "pk": 116, "fields": {"action_time": "2025-05-04T10:52:03.861Z", "user": 1, "content_type": 7, "object_id": "32", "object_repr": "Adaptive full-range open architecture", "action_flag": 3, "change_message": ""}}, {"model": "admin.logentry", "pk": 117, "fields": {"action_time": "2025-05-04T10:52:03.861Z", "user": 1, "content_type": 7, "object_id": "31", "object_repr": "Ameliorated value-added matrices", "action_flag": 3, "change_message": ""}}, {"model": "admin.logentry", "pk": 118, "fields": {"action_time": "2025-05-04T10:52:03.861Z", "user": 1, "content_type": 7, "object_id": "30", "object_repr": "Phased grid-enabled open architecture", "action_flag": 3, "change_message": ""}}, {"model": "admin.logentry", "pk": 119, "fields": {"action_time": "2025-05-04T10:52:03.861Z", "user": 1, "content_type": 7, "object_id": "29", "object_repr": "Proactive non-volatile solution", "action_flag": 3, "change_message": ""}}, {"model": "admin.logentry", "pk": 120, "fields": {"action_time": "2025-05-04T10:52:03.861Z", "user": 1, "content_type": 7, "object_id": "28", "object_repr": "Object-based multimedia matrices", "action_flag": 3, "change_message": ""}}, {"model": "admin.logentry", "pk": 121, "fields": {"action_time": "2025-05-04T10:52:03.861Z", "user": 1, "content_type": 7, "object_id": "27", "object_repr": "Cross-platform multi-tasking website", "action_flag": 3, "change_message": ""}}, {"model": "admin.logentry", "pk": 122, "fields": {"action_time": "2025-05-04T13:50:28.831Z", "user": 1, "content_type": 4, "object_id": "1", "object_repr": "abdullah", "action_flag": 2, "change_message": "[{\"changed\": {\"fields\": [\"password\"]}}]"}}, {"model": "auth.permission", "pk": 1, "fields": {"name": "Can add log entry", "content_type": 1, "codename": "add_logentry"}}, {"model": "auth.permission", "pk": 2, "fields": {"name": "Can change log entry", "content_type": 1, "codename": "change_logentry"}}, {"model": "auth.permission", "pk": 3, "fields": {"name": "Can delete log entry", "content_type": 1, "codename": "delete_logentry"}}, {"model": "auth.permission", "pk": 4, "fields": {"name": "Can view log entry", "content_type": 1, "codename": "view_logentry"}}, {"model": "auth.permission", "pk": 5, "fields": {"name": "Can add permission", "content_type": 2, "codename": "add_permission"}}, {"model": "auth.permission", "pk": 6, "fields": {"name": "Can change permission", "content_type": 2, "codename": "change_permission"}}, {"model": "auth.permission", "pk": 7, "fields": {"name": "Can delete permission", "content_type": 2, "codename": "delete_permission"}}, {"model": "auth.permission", "pk": 8, "fields": {"name": "Can view permission", "content_type": 2, "codename": "view_permission"}}, {"model": "auth.permission", "pk": 9, "fields": {"name": "Can add group", "content_type": 3, "codename": "add_group"}}, {"model": "auth.permission", "pk": 10, "fields": {"name": "Can change group", "content_type": 3, "codename": "change_group"}}, {"model": "auth.permission", "pk": 11, "fields": {"name": "Can delete group", "content_type": 3, "codename": "delete_group"}}, {"model": "auth.permission", "pk": 12, "fields": {"name": "Can view group", "content_type": 3, "codename": "view_group"}}, {"model": "auth.permission", "pk": 13, "fields": {"name": "Can add user", "content_type": 4, "codename": "add_user"}}, {"model": "auth.permission", "pk": 14, "fields": {"name": "Can change user", "content_type": 4, "codename": "change_user"}}, {"model": "auth.permission", "pk": 15, "fields": {"name": "Can delete user", "content_type": 4, "codename": "delete_user"}}, {"model": "auth.permission", "pk": 16, "fields": {"name": "Can view user", "content_type": 4, "codename": "view_user"}}, {"model": "auth.permission", "pk": 17, "fields": {"name": "Can add content type", "content_type": 5, "codename": "add_contenttype"}}, {"model": "auth.permission", "pk": 18, "fields": {"name": "Can change content type", "content_type": 5, "codename": "change_contenttype"}}, {"model": "auth.permission", "pk": 19, "fields": {"name": "Can delete content type", "content_type": 5, "codename": "delete_contenttype"}}, {"model": "auth.permission", "pk": 20, "fields": {"name": "Can view content type", "content_type": 5, "codename": "view_contenttype"}}, {"model": "auth.permission", "pk": 21, "fields": {"name": "Can add session", "content_type": 6, "codename": "add_session"}}, {"model": "auth.permission", "pk": 22, "fields": {"name": "Can change session", "content_type": 6, "codename": "change_session"}}, {"model": "auth.permission", "pk": 23, "fields": {"name": "Can delete session", "content_type": 6, "codename": "delete_session"}}, {"model": "auth.permission", "pk": 24, "fields": {"name": "Can view session", "content_type": 6, "codename": "view_session"}}, {"model": "auth.permission", "pk": 25, "fields": {"name": "Can add event", "content_type": 7, "codename": "add_event"}}, {"model": "auth.permission", "pk": 26, "fields": {"name": "Can change event", "content_type": 7, "codename": "change_event"}}, {"model": "auth.permission", "pk": 27, "fields": {"name": "Can delete event", "content_type": 7, "codename": "delete_event"}}, {"model": "auth.permission", "pk": 28, "fields": {"name": "Can view event", "content_type": 7, "codename": "view_event"}}, {"model": "auth.permission", "pk": 29, "fields": {"name": "Can add profile", "content_type": 8, "codename": "add_profile"}}, {"model": "auth.permission", "pk": 30, "fields": {"name": "Can change profile", "content_type": 8, "codename": "change_profile"}}, {"model": "auth.permission", "pk": 31, "fields": {"name": "Can delete profile", "content_type": 8, "codename": "delete_profile"}}, {"model": "auth.permission", "pk": 32, "fields": {"name": "Can view profile", "content_type": 8, "codename": "view_profile"}}, {"model": "auth.permission", "pk": 33, "fields": {"name": "Can add seller application", "content_type": 9, "codename": "add_sellerapplication"}}, {"model": "auth.permission", "pk": 34, "fields": {"name": "Can change seller application", "content_type": 9, "codename": "change_sellerapplication"}}, {"model": "auth.permission", "pk": 35, "fields": {"name": "Can delete seller application", "content_type": 9, "codename": "delete_sellerapplication"}}, {"model": "auth.permission", "pk": 36, "fields": {"name": "Can view seller application", "content_type": 9, "codename": "view_sellerapplication"}}, {"model": "auth.permission", "pk": 37, "fields": {"name": "Can add event availability", "content_type": 10, "codename": "add_eventavailability"}}, {"model": "auth.permission", "pk": 38, "fields": {"name": "Can change event availability", "content_type": 10, "codename": "change_eventavailability"}}, {"model": "auth.permission", "pk": 39, "fields": {"name": "Can delete event availability", "content_type": 10, "codename": "delete_eventavailability"}}, {"model": "auth.permission", "pk": 40, "fields": {"name": "Can view event availability", "content_type": 10, "codename": "view_eventavailability"}}, {"model": "auth.permission", "pk": 41, "fields": {"name": "Can add available date", "content_type": 11, "codename": "add_availabledate"}}, {"model": "auth.permission", "pk": 42, "fields": {"name": "Can change available date", "content_type": 11, "codename": "change_availabledate"}}, {"model": "auth.permission", "pk": 43, "fields": {"name": "Can delete available date", "content_type": 11, "codename": "delete_availabledate"}}, {"model": "auth.permission", "pk": 44, "fields": {"name": "Can view available date", "content_type": 11, "codename": "view_availabledate"}}, {"model": "auth.permission", "pk": 45, "fields": {"name": "Can add booking", "content_type": 12, "codename": "add_booking"}}, {"model": "auth.permission", "pk": 46, "fields": {"name": "Can change booking", "content_type": 12, "codename": "change_booking"}}, {"model": "auth.permission", "pk": 47, "fields": {"name": "Can delete booking", "content_type": 12, "codename": "delete_booking"}}, {"model": "auth.permission", "pk": 48, "fields": {"name": "Can view booking", "content_type": 12, "codename": "view_booking"}}, {"model": "auth.permission", "pk": 49, "fields": {"name": "Can add order", "content_type": 13, "codename": "add_order"}}, {"model": "auth.permission", "pk": 50, "fields": {"name": "Can change order", "content_type": 13, "codename": "change_order"}}, {"model": "auth.permission", "pk": 51, "fields": {"name": "Can delete order", "content_type": 13, "codename": "delete_order"}}, {"model": "auth.permission", "pk": 52, "fields": {"name": "Can view order", "content_type": 13, "codename": "view_order"}}, {"model": "auth.permission", "pk": 53, "fields": {"name": "Can add otp", "content_type": 14, "codename": "add_otp"}}, {"model": "auth.permission", "pk": 54, "fields": {"name": "Can change otp", "content_type": 14, "codename": "change_otp"}}, {"model": "auth.permission", "pk": 55, "fields": {"name": "Can delete otp", "content_type": 14, "codename": "delete_otp"}}, {"model": "auth.permission", "pk": 56, "fields": {"name": "Can view otp", "content_type": 14, "codename": "view_otp"}}, {"model": "auth.permission", "pk": 57, "fields": {"name": "Can add seller payout details", "content_type": 15, "codename": "add_sellerpayoutdetails"}}, {"model": "auth.permission", "pk": 58, "fields": {"name": "Can change seller payout details", "content_type": 15, "codename": "change_sellerpayoutdetails"}}, {"model": "auth.permission", "pk": 59, "fields": {"name": "Can delete seller payout details", "content_type": 15, "codename": "delete_sellerpayoutdetails"}}, {"model": "auth.permission", "pk": 60, "fields": {"name": "Can view seller payout details", "content_type": 15, "codename": "view_sellerpayoutdetails"}}, {"model": "auth.user", "pk": 1, "fields": {"password": "pbkdf2_sha256$870000$bp9dLelRwDNEH2vxC8yueP$E4xmZwrggt1die9FkiXXJaWzbZBACoNUhYDbbkZQU8M=", "last_login": "2025-05-21T07:22:56.296Z", "is_superuser": true, "username": "abdullah", "first_name": "anzar", "last_name": "shah", "email": "ai0064125@gmail.com", "is_staff": true, "is_active": true, "date_joined": "2025-03-16T17:43:04.447Z", "groups": [], "user_permissions": []}}, {"model": "auth.user", "pk": 17, "fields": {"password": "pbkdf2_sha256$870000$8Ir3M85gat5SZBkt2ikx8m$PYML4F0ICm+YTeJoYsCnmwA5TGP4gtNksbcq1DITk2E=", "last_login": null, "is_superuser": false, "username": "jawad", "first_name": "", "last_name": "", "email": "jawad@gmail.com", "is_staff": false, "is_active": true, "date_joined": "2025-04-21T09:26:44.662Z", "groups": [], "user_permissions": []}}, {"model": "contenttypes.contenttype", "pk": 1, "fields": {"app_label": "admin", "model": "logentry"}}, {"model": "contenttypes.contenttype", "pk": 2, "fields": {"app_label": "auth", "model": "permission"}}, {"model": "contenttypes.contenttype", "pk": 3, "fields": {"app_label": "auth", "model": "group"}}, {"model": "contenttypes.contenttype", "pk": 4, "fields": {"app_label": "auth", "model": "user"}}, {"model": "contenttypes.contenttype", "pk": 5, "fields": {"app_label": "contenttypes", "model": "contenttype"}}, {"model": "contenttypes.contenttype", "pk": 6, "fields": {"app_label": "sessions", "model": "session"}}, {"model": "contenttypes.contenttype", "pk": 7, "fields": {"app_label": "app", "model": "event"}}, {"model": "contenttypes.contenttype", "pk": 8, "fields": {"app_label": "app", "model": "profile"}}, {"model": "contenttypes.contenttype", "pk": 9, "fields": {"app_label": "app", "model": "sellerapplication"}}, {"model": "contenttypes.contenttype", "pk": 10, "fields": {"app_label": "app", "model": "eventavailability"}}, {"model": "contenttypes.contenttype", "pk": 11, "fields": {"app_label": "app", "model": "availabledate"}}, {"model": "contenttypes.contenttype", "pk": 12, "fields": {"app_label": "app", "model": "booking"}}, {"model": "contenttypes.contenttype", "pk": 13, "fields": {"app_label": "app", "model": "order"}}, {"model": "contenttypes.contenttype", "pk": 14, "fields": {"app_label": "app", "model": "otp"}}, {"model": "contenttypes.contenttype", "pk": 15, "fields": {"app_label": "app", "model": "sellerpayoutdetails"}}, {"model": "sessions.session", "pk": "cmsyhu40tbha000ux2emit5w4meyt4c8", "fields": {"session_data": ".eJxVjMEOwiAQRP-FsyFuYWHx6N1vILCAVA1NSnsy_rtt0oNmbvPezFv4sC7Vrz3PfkziIkCcfrsY-JnbDtIjtPskeWrLPEa5K_KgXd6mlF_Xw_07qKHXbc0qmjPohBQxEEfAga1G0i7igNkWUGRAWUXsNHHiAq4E2mKUBVXE5wvLTTdT:1tuCB8:--Zzmq4Xu7b5AIcqBncatnV5oaG-33P7xihUJXzRCrU", "expire_date": "2025-03-31T15:14:58.451Z"}}, {"model": "sessions.session", "pk": "m9d38h2h5e51l9jtbbtpe9q6gfi5v9ga", "fields": {"session_data": ".eJxVjEEOwiAQRe_C2pACLRSX7j0DmRlmpGrapLQr492VpAtd_eS_l_dSCfatpL3ymqaszsqo0--HQA-eG8h3mG-LpmXe1gl1U_RBq74umZ-Xw_0LFKilZVEI_QhimIUle-rEC_R2sDGM0mOMNJDN6JxwQNMxGQ_gyH3Xh169PyhxOSI:1uHdmy:cobgEflKdUHFzLcQgj9XJ0oQEU3nTKu4SR2d2bczFAQ", "expire_date": "2025-06-04T07:22:56.312Z"}}, {"model": "sessions.session", "pk": "mezxq8c48dorpge8w8s8y1lk4d5r67kr", "fields": {"session_data": ".eJxVjEEOwiAQRe_C2pACLRSX7j0DmRlmpGrapLQr492VpAtd_eS_l_dSCfatpL3ymqaszsqo0--HQA-eG8h3mG-LpmXe1gl1U_RBq74umZ-Xw_0LFKilZVEI_QhimIUle-rEC_R2sDGM0mOMNJDN6JxwQNMxGQ_gyH3Xh169PyhxOSI:1uBbRN:iXQrxTOm0VJQ3XKrSQ_Sd4nuGb0BqKzVWWu2mipgn8c", "expire_date": "2025-05-18T15:39:41.486Z"}}, {"model": "sessions.session", "pk": "x6a5glfw69bbukkkr6p75ashvn9wu0kv", "fields": {"session_data": ".eJxVjEEOwiAQRe_C2pACLRSX7j0DmRlmpGrapLQr492VpAtd_eS_l_dSCfatpL3ymqaszsqo0--HQA-eG8h3mG-LpmXe1gl1U_RBq74umZ-Xw_0LFKilZVEI_QhimIUle-rEC_R2sDGM0mOMNJDN6JxwQNMxGQ_gyH3Xh169PyhxOSI:1uHdmy:cobgEflKdUHFzLcQgj9XJ0oQEU3nTKu4SR2d2bczFAQ", "expire_date": "2025-06-04T07:22:56.245Z"}}, {"model": "sessions.session", "pk": "y34sr3rnctyecy0o6ysyh7otcovo5kfs", "fields": {"session_data": ".eJxVjMEOwiAQRP-FsyFuYWHx6N1vILCAVA1NSnsy_rtt0oNmbvPezFv4sC7Vrz3PfkziIkCcfrsY-JnbDtIjtPskeWrLPEa5K_KgXd6mlF_Xw_07qKHXbc0qmjPohBQxEEfAga1G0i7igNkWUGRAWUXsNHHiAq4E2mKUBVXE5wvLTTdT:1u2EWy:vIrTRGaKAFGsQKh7wedEQTTsbvca0Ycokx_BR4jBLbY", "expire_date": "2025-04-22T19:22:44.840Z"}}, {"model": "sessions.session", "pk": "y8xdhnr8x2zhjmmdkv9ov6wg394mvlt5", "fields": {"session_data": ".eJxVjLkOwyAQRP-FOkLGy7GkTJ9vQLBAcA6wfFRR_j225Maabt6b-bKxtJpcXT8hTezKEK3ttAJt2YU5vy7FrXOa3BA3KM5d8PRKdQfx6eujcWp1mYbAd4UfdOb3FtP7dring-Lnsq0Jgu6EjAqD8khBqJ6MVChtUL1KJgtALcAAkpVIkbKw2eMWDUZAZr8_ufQ_Yg:1u6nQN:8to8VpuOtyUYqHrrrQmjCXspivONuoCOt03bTp-t0Bw", "expire_date": "2025-05-05T09:26:47.257Z"}}, {"model": "app.event", "pk": 73, "fields": {"seller": 1, "name": "User-centric static open architecture", "location": "10693 Waller Viaduct Suite 040\nColemouth, WA 43018", "description": "Federal between region game guy. Church floor involve east campaign. Wide relate experience. Quality southern itself.", "city": "Delhi", "image": "event_images/air-meet-present.jpg", "price": "954.17", "convenience_fee": "133.99", "gst_percentage": "18.00", "highlight_image1": "event_highlights/highlight1_ahpI9rI.jpg", "highlight_image2": "event_highlights/highlight2_60U3tMG.jpg", "highlight_image3": "event_highlights/highlight3_HvOInDt.jpg", "category": "sports", "created_at": "2025-05-04T10:52:25.074Z"}}, {"model": "app.event", "pk": 74, "fields": {"seller": 1, "name": "Intuitive neutral hierarchy", "location": "569 Thomas Squares\nPort Jacob, VI 73658", "description": "Firm leave beyond science room instead. Land authority whole. Sea cut indicate travel allow great.", "city": "Delhi", "image": "event_images/environment-myself.jpg", "price": "502.68", "convenience_fee": "110.26", "gst_percentage": "18.00", "highlight_image1": "event_highlights/highlight1_lGv9j9V.jpg", "highlight_image2": "event_highlights/highlight2_YsJL26T.jpg", "highlight_image3": "event_highlights/highlight3_FEd7OOe.jpg", "category": "Kids", "created_at": "2025-05-04T10:52:32.587Z"}}, {"model": "app.event", "pk": 75, "fields": {"seller": 1, "name": "Versatile motivating firmware", "location": "5730 Lisa Gardens\nPort Nathanielport, OR 93648", "description": "Arrive vote course yeah president series. By area service within north past lead degree. Tax fish perhaps. Democrat take apply adult. Black go voice guy development special green.", "city": "Delhi", "image": "event_images/step-draw-guess.jpg", "price": "284.91", "convenience_fee": "65.73", "gst_percentage": "18.00", "highlight_image1": "event_highlights/highlight1_chFpfJz.jpg", "highlight_image2": "event_highlights/highlight2_drBYRaA.jpg", "highlight_image3": "event_highlights/highlight3_bjVv3aB.jpg", "category": "Kids", "created_at": "2025-05-04T10:54:00.139Z"}}, {"model": "app.event", "pk": 76, "fields": {"seller": 1, "name": "Sharable well-modulated paradigm", "location": "51224 Tyrone Green Suite 975\nPort George, ME 26090", "description": "Fill receive tough him. Develop common occur change pretty their. Their mouth under exist institution.", "city": "Hyderabad", "image": "event_images/very-staff-each.jpg", "price": "825.90", "convenience_fee": "130.82", "gst_percentage": "18.00", "highlight_image1": "event_highlights/highlight1_gmkWNZw.jpg", "highlight_image2": "event_highlights/highlight2_6hxEWER.jpg", "highlight_image3": "event_highlights/highlight3_9NPdWG6.jpg", "category": "Cooking", "created_at": "2025-05-04T10:54:07.279Z"}}, {"model": "app.event", "pk": 77, "fields": {"seller": 1, "name": "Decentralized logistical artificial intelligence", "location": "PSC 7432, Box 8048\nAPO AE 13022", "description": "Down family coach medical I. Around prevent purpose nor style win three. Realize record data our.", "city": "Delhi", "image": "event_images/summer-indeed.jpg", "price": "717.70", "convenience_fee": "145.23", "gst_percentage": "18.00", "highlight_image1": "event_highlights/highlight1_DVLIaJ1.jpg", "highlight_image2": "event_highlights/highlight2_SK8PheS.jpg", "highlight_image3": "event_highlights/highlight3_eFiBBW3.jpg", "category": "sports", "created_at": "2025-05-04T10:54:32.211Z"}}, {"model": "app.event", "pk": 78, "fields": {"seller": 1, "name": "Horizontal explicit algorithm", "location": "74240 Karen Springs\nAllenshire, SD 63411", "description": "So and quite president hard should. Hear toward pay glass arrive let keep kind. Toward send region around too. Upon term hour child itself stop.", "city": "Delhi", "image": "event_images/international-gun.jpg", "price": "280.20", "convenience_fee": "119.81", "gst_percentage": "18.00", "highlight_image1": "event_highlights/highlight1_nfEe1mv.jpg", "highlight_image2": "event_highlights/highlight2_EMVzvp4.jpg", "highlight_image3": "event_highlights/highlight3_Jfs1um5.jpg", "category": "Entertainment", "created_at": "2025-05-04T10:55:16.160Z"}}, {"model": "app.event", "pk": 79, "fields": {"seller": 1, "name": "Open-source motivating benchmark", "location": "51743 Nathan Cape\nSouth Jonathan, PW 12809", "description": "National if current window bit ask ready. Property sport thing goal husband each. Purpose center citizen. Interesting floor effort ground choose season. North civil remember price can.", "city": "Hyderabad", "image": "event_images/radio-alone-second.jpg", "price": "536.52", "convenience_fee": "57.44", "gst_percentage": "18.00", "highlight_image1": "event_highlights/highlight1_lcheIgP.jpg", "highlight_image2": "event_highlights/highlight2_jMVBZSJ.jpg", "highlight_image3": "event_highlights/highlight3_WUlNZpM.jpg", "category": "sports", "created_at": "2025-05-04T10:55:23.616Z"}}, {"model": "app.event", "pk": 80, "fields": {"seller": 1, "name": "Synergized multi-state extranet", "location": "926 Brandon Circle\nJoshuamouth, WV 15253", "description": "Others true add. Commercial serve career agent action prove. Coach thousand these discuss face population wide management. Writer strong foreign tonight mention bring. Learn note pretty ball specific high.", "city": "Hyderabad", "image": "event_images/ok-out-what-see.jpg", "price": "784.89", "convenience_fee": "138.82", "gst_percentage": "18.00", "highlight_image1": "event_highlights/highlight1_Zkry4CY.jpg", "highlight_image2": "event_highlights/highlight2_fr9FDjI.jpg", "highlight_image3": "event_highlights/highlight3_gdhXogA.jpg", "category": "crafts", "created_at": "2025-05-04T10:55:30.467Z"}}, {"model": "app.event", "pk": 81, "fields": {"seller": 1, "name": "Versatile disintermediate solution", "location": "7971 Dalton Causeway Suite 179\nBradleychester, IL 41733", "description": "Candidate computer some majority staff reveal friend. Article charge goal just leg especially prepare. Window low scene rather easy north.", "city": "Hyderabad", "image": "event_images/instead-experience.jpg", "price": "448.23", "convenience_fee": "108.12", "gst_percentage": "18.00", "highlight_image1": "event_highlights/highlight1_EXibtpP.jpg", "highlight_image2": "event_highlights/highlight2_OeklKxZ.jpg", "highlight_image3": "event_highlights/highlight3_Q2SUdEH.jpg", "category": "Entertainment", "created_at": "2025-05-04T10:55:37.278Z"}}, {"model": "app.event", "pk": 82, "fields": {"seller": 1, "name": "Versatile 3rdgeneration leverage", "location": "96776 Stein Crossroad Apt. 663\nAndreborough, NH 29399", "description": "Ability feel difference go. Though can measure report from artist. Rise age front walk. Program glass site attorney large current here dark. Gas national seek apply skin.", "city": "Hyderabad", "image": "event_images/expect-gun-what.jpg", "price": "935.40", "convenience_fee": "103.77", "gst_percentage": "18.00", "highlight_image1": "event_highlights/highlight1_Kd6FHO5.jpg", "highlight_image2": "event_highlights/highlight2_PIYTUm6.jpg", "highlight_image3": "event_highlights/highlight3_V0KbdGA.jpg", "category": "diy", "created_at": "2025-05-04T10:55:44.508Z"}}, {"model": "app.event", "pk": 83, "fields": {"seller": 1, "name": "Team-oriented static hub", "location": "943 Alexandra Mills Suite 858\nWest Monica, GA 42084", "description": "Source adult save argue remember threat. Form score civil officer claim ability contain. Area police management car student such our. Human back front ago everybody remain president.", "city": "Bengaluru", "image": "event_images/sit-stage-line.jpg", "price": "136.19", "convenience_fee": "87.64", "gst_percentage": "18.00", "highlight_image1": "event_highlights/highlight1_ueErj0F.jpg", "highlight_image2": "event_highlights/highlight2_bclTZvR.jpg", "highlight_image3": "event_highlights/highlight3_cptXZYf.jpg", "category": "Entertainment", "created_at": "2025-05-04T10:56:22.483Z"}}, {"model": "app.event", "pk": 84, "fields": {"seller": 1, "name": "Profit-focused dedicated matrix", "location": "737 Austin Ports\nSchneidermouth, NC 78029", "description": "Magazine positive seek upon school. Fast can police true. Leg Congress record either arrive learn always.", "city": "Hyderabad", "image": "event_images/tend-natural-issue.jpg", "price": "724.95", "convenience_fee": "106.10", "gst_percentage": "18.00", "highlight_image1": "event_highlights/highlight1_N1AUNXu.jpg", "highlight_image2": "event_highlights/highlight2_YqjdJGO.jpg", "highlight_image3": "event_highlights/highlight3_DX42Ig1.jpg", "category": "crafts", "created_at": "2025-05-04T10:56:29.407Z"}}, {"model": "app.event", "pk": 85, "fields": {"seller": 1, "name": "Total 6thgeneration archive", "location": "5524 Molina Garden Suite 282\nNew Victoriaberg, ND 71179", "description": "End also policy site whose green usually project. Voice southern page. Course almost rate window long gun investment. Key detail run day rise population late shoulder.", "city": "Bengaluru", "image": "event_images/follow-operation.jpg", "price": "384.98", "convenience_fee": "133.63", "gst_percentage": "18.00", "highlight_image1": "event_highlights/highlight1_GYOQ9XH.jpg", "highlight_image2": "event_highlights/highlight2_J7gTgSh.jpg", "highlight_image3": "event_highlights/highlight3_nu7EOLR.jpg", "category": "Entertainment", "created_at": "2025-05-04T10:58:44.045Z"}}, {"model": "app.event", "pk": 86, "fields": {"seller": 1, "name": "Customer-focused object-oriented service-desk", "location": "704 Alan Branch Suite 933\nRogerview, MS 79895", "description": "Customer far but rise impact tend. Almost often stock its institution. Quite majority fill throw. Money professional four shake time major author.", "city": "Bengaluru", "image": "event_images/couple-opportunity.jpg", "price": "464.04", "convenience_fee": "109.05", "gst_percentage": "18.00", "highlight_image1": "event_highlights/highlight1_Oq5MLUY.jpg", "highlight_image2": "event_highlights/highlight2_YablmWa.jpg", "highlight_image3": "event_highlights/highlight3_8LTEcGD.jpg", "category": "Entertainment", "created_at": "2025-05-04T10:58:51.657Z"}}, {"model": "app.event", "pk": 87, "fields": {"seller": 1, "name": "Optional transitional website", "location": "33397 Graham Prairie\nNew Juliemouth, SD 59429", "description": "Their knowledge movement good billion coach growth. Accept step thus maybe environmental single history. Political music idea large occur tend past.", "city": "Bengaluru", "image": "event_images/collection-give.jpg", "price": "643.68", "convenience_fee": "116.58", "gst_percentage": "18.00", "highlight_image1": "event_highlights/highlight1_UfPxRhW.jpg", "highlight_image2": "event_highlights/highlight2_EiBKRZF.jpg", "highlight_image3": "", "category": "diy", "created_at": "2025-05-04T10:59:07.544Z"}}, {"model": "app.availabledate", "pk": 7, "fields": {"event": 73, "date": "2025-05-06"}}, {"model": "app.availabledate", "pk": 8, "fields": {"event": 73, "date": "2025-05-08"}}, {"model": "app.availabledate", "pk": 9, "fields": {"event": 73, "date": "2025-05-12"}}, {"model": "app.availabledate", "pk": 10, "fields": {"event": 73, "date": "2025-05-12"}}, {"model": "app.availabledate", "pk": 11, "fields": {"event": 73, "date": "2025-05-10"}}, {"model": "app.availabledate", "pk": 12, "fields": {"event": 74, "date": "2025-05-05"}}, {"model": "app.availabledate", "pk": 13, "fields": {"event": 74, "date": "2025-05-08"}}, {"model": "app.availabledate", "pk": 14, "fields": {"event": 74, "date": "2025-05-11"}}, {"model": "app.availabledate", "pk": 15, "fields": {"event": 74, "date": "2025-05-08"}}, {"model": "app.availabledate", "pk": 16, "fields": {"event": 74, "date": "2025-05-09"}}, {"model": "app.availabledate", "pk": 17, "fields": {"event": 75, "date": "2025-05-07"}}, {"model": "app.availabledate", "pk": 18, "fields": {"event": 75, "date": "2025-05-09"}}, {"model": "app.availabledate", "pk": 19, "fields": {"event": 75, "date": "2025-05-13"}}, {"model": "app.availabledate", "pk": 20, "fields": {"event": 75, "date": "2025-05-13"}}, {"model": "app.availabledate", "pk": 21, "fields": {"event": 76, "date": "2025-05-12"}}, {"model": "app.availabledate", "pk": 22, "fields": {"event": 76, "date": "2025-05-14"}}, {"model": "app.availabledate", "pk": 23, "fields": {"event": 76, "date": "2025-05-18"}}, {"model": "app.availabledate", "pk": 24, "fields": {"event": 76, "date": "2025-05-21"}}, {"model": "app.availabledate", "pk": 25, "fields": {"event": 77, "date": "2025-05-05"}}, {"model": "app.availabledate", "pk": 26, "fields": {"event": 77, "date": "2025-05-08"}}, {"model": "app.availabledate", "pk": 27, "fields": {"event": 77, "date": "2025-05-11"}}, {"model": "app.availabledate", "pk": 28, "fields": {"event": 77, "date": "2025-05-08"}}, {"model": "app.availabledate", "pk": 29, "fields": {"event": 77, "date": "2025-05-17"}}, {"model": "app.availabledate", "pk": 30, "fields": {"event": 78, "date": "2025-05-05"}}, {"model": "app.availabledate", "pk": 31, "fields": {"event": 78, "date": "2025-05-06"}}, {"model": "app.availabledate", "pk": 32, "fields": {"event": 78, "date": "2025-05-09"}}, {"model": "app.availabledate", "pk": 33, "fields": {"event": 79, "date": "2025-05-13"}}, {"model": "app.availabledate", "pk": 34, "fields": {"event": 79, "date": "2025-05-15"}}, {"model": "app.availabledate", "pk": 35, "fields": {"event": 79, "date": "2025-05-19"}}, {"model": "app.availabledate", "pk": 36, "fields": {"event": 80, "date": "2025-05-12"}}, {"model": "app.availabledate", "pk": 37, "fields": {"event": 80, "date": "2025-05-13"}}, {"model": "app.availabledate", "pk": 38, "fields": {"event": 80, "date": "2025-05-16"}}, {"model": "app.availabledate", "pk": 39, "fields": {"event": 81, "date": "2025-05-14"}}, {"model": "app.availabledate", "pk": 40, "fields": {"event": 81, "date": "2025-05-17"}}, {"model": "app.availabledate", "pk": 41, "fields": {"event": 81, "date": "2025-05-18"}}, {"model": "app.availabledate", "pk": 42, "fields": {"event": 81, "date": "2025-05-17"}}, {"model": "app.availabledate", "pk": 43, "fields": {"event": 81, "date": "2025-05-18"}}, {"model": "app.availabledate", "pk": 44, "fields": {"event": 82, "date": "2025-05-12"}}, {"model": "app.availabledate", "pk": 45, "fields": {"event": 82, "date": "2025-05-14"}}, {"model": "app.availabledate", "pk": 46, "fields": {"event": 82, "date": "2025-05-18"}}, {"model": "app.availabledate", "pk": 47, "fields": {"event": 82, "date": "2025-05-15"}}, {"model": "app.availabledate", "pk": 48, "fields": {"event": 83, "date": "2025-05-11"}}, {"model": "app.availabledate", "pk": 49, "fields": {"event": 83, "date": "2025-05-14"}}, {"model": "app.availabledate", "pk": 50, "fields": {"event": 83, "date": "2025-05-15"}}, {"model": "app.availabledate", "pk": 51, "fields": {"event": 83, "date": "2025-05-17"}}, {"model": "app.availabledate", "pk": 52, "fields": {"event": 84, "date": "2025-05-12"}}, {"model": "app.availabledate", "pk": 53, "fields": {"event": 84, "date": "2025-05-13"}}, {"model": "app.availabledate", "pk": 54, "fields": {"event": 84, "date": "2025-05-16"}}, {"model": "app.availabledate", "pk": 55, "fields": {"event": 85, "date": "2025-05-07"}}, {"model": "app.availabledate", "pk": 56, "fields": {"event": 85, "date": "2025-05-10"}}, {"model": "app.availabledate", "pk": 57, "fields": {"event": 85, "date": "2025-05-09"}}, {"model": "app.availabledate", "pk": 58, "fields": {"event": 85, "date": "2025-05-16"}}, {"model": "app.availabledate", "pk": 59, "fields": {"event": 86, "date": "2025-05-09"}}, {"model": "app.availabledate", "pk": 60, "fields": {"event": 86, "date": "2025-05-12"}}, {"model": "app.availabledate", "pk": 61, "fields": {"event": 86, "date": "2025-05-11"}}, {"model": "app.profile", "pk": 1, "fields": {"user": 1, "profile_picture": "profile_pictures/IMG_5927.PNG", "phone_no": "8899065369", "is_seller": true}}, {"model": "app.profile", "pk": 17, "fields": {"user": 17, "profile_picture": "profile_pictures/default.jpg", "phone_no": "", "is_seller": false}}]